jvm,arm,ns_per_event,bytes_per_event,breaches,updates,buffer,rep
corretto21-c2,plainInline,2.8591,0.000004,102500000,102500000,11551.2267,1
corretto21-c2,plainInline,2.7783,0.000004,102500000,102500000,11551.2267,2
corretto21-c2,plainInline,2.8891,0.000004,102500000,102500000,11551.2267,3
corretto21-c2,plainInline,2.8670,0.000004,102500000,102500000,11551.2267,4
corretto21-c2,plainInline,3.0215,0.000004,102500000,102500000,11551.2267,5
corretto21-c2,plainGuarded,7.0371,0.000004,102500000,102500000,11551.2267,1
corretto21-c2,plainGuarded,7.2896,0.000004,102500000,102500000,11551.2267,2
corretto21-c2,plainGuarded,7.0402,0.000004,102500000,102500000,11551.2267,3
corretto21-c2,plainGuarded,7.0706,0.000004,102500000,102500000,11551.2267,4
corretto21-c2,plainGuarded,7.0146,0.000004,102500000,102500000,11551.2267,5
corretto21-c2,fluxtionStreamClock,8.6467,0.000004,102500000,102500000,11551.2267,1
corretto21-c2,fluxtionStreamClock,8.5835,0.000004,102500000,102500000,11551.2267,2
corretto21-c2,fluxtionStreamClock,8.5616,0.000004,102500000,102500000,11551.2267,3
corretto21-c2,fluxtionStreamClock,8.5634,0.000004,102500000,102500000,11551.2267,4
corretto21-c2,fluxtionStreamClock,8.6577,0.000004,102500000,102500000,11551.2267,5
corretto21-c2,fluxtionDefault,18.2727,0.000004,102500000,102500000,11551.2267,1
corretto21-c2,fluxtionDefault,18.4524,0.000004,102500000,102500000,11551.2267,2
corretto21-c2,fluxtionDefault,18.6140,0.000004,102500000,102500000,11551.2267,3
corretto21-c2,fluxtionDefault,18.3957,0.000004,102500000,102500000,11551.2267,4
corretto21-c2,fluxtionDefault,18.5219,0.000004,102500000,102500000,11551.2267,5
openjdk25-c2,plainInline,3.1955,0.000004,102500000,102500000,11551.2267,1
openjdk25-c2,plainInline,3.3623,0.000004,102500000,102500000,11551.2267,2
openjdk25-c2,plainInline,3.2813,0.000004,102500000,102500000,11551.2267,3
openjdk25-c2,plainInline,3.1373,0.000004,102500000,102500000,11551.2267,4
openjdk25-c2,plainInline,3.3415,0.000004,102500000,102500000,11551.2267,5
openjdk25-c2,plainGuarded,7.2453,0.000004,102500000,102500000,11551.2267,1
openjdk25-c2,plainGuarded,7.2232,0.000004,102500000,102500000,11551.2267,2
openjdk25-c2,plainGuarded,7.4700,0.000004,102500000,102500000,11551.2267,3
openjdk25-c2,plainGuarded,7.5039,0.000004,102500000,102500000,11551.2267,4
openjdk25-c2,plainGuarded,7.5260,0.000004,102500000,102500000,11551.2267,5
openjdk25-c2,fluxtionStreamClock,8.8067,0.000004,102500000,102500000,11551.2267,1
openjdk25-c2,fluxtionStreamClock,8.7667,0.000004,102500000,102500000,11551.2267,2
openjdk25-c2,fluxtionStreamClock,8.7135,0.000004,102500000,102500000,11551.2267,3
openjdk25-c2,fluxtionStreamClock,8.7834,0.000004,102500000,102500000,11551.2267,4
openjdk25-c2,fluxtionStreamClock,8.6820,0.000004,102500000,102500000,11551.2267,5
openjdk25-c2,fluxtionDefault,19.3519,0.000004,102500000,102500000,11551.2267,1
openjdk25-c2,fluxtionDefault,19.7271,0.000004,102500000,102500000,11551.2267,2
openjdk25-c2,fluxtionDefault,19.7057,0.000004,102500000,102500000,11551.2267,3
openjdk25-c2,fluxtionDefault,19.4538,0.000004,102500000,102500000,11551.2267,4
openjdk25-c2,fluxtionDefault,20.0956,0.000004,102500000,102500000,11551.2267,5
graal25.3-c2,plainInline,3.3534,0.000004,102500000,102500000,11551.2267,1
graal25.3-c2,plainInline,3.2114,0.000004,102500000,102500000,11551.2267,2
graal25.3-c2,plainInline,3.0194,0.000004,102500000,102500000,11551.2267,3
graal25.3-c2,plainInline,3.2227,0.000004,102500000,102500000,11551.2267,4
graal25.3-c2,plainInline,3.1365,0.000004,102500000,102500000,11551.2267,5
graal25.3-c2,plainGuarded,7.5079,0.000004,102500000,102500000,11551.2267,1
graal25.3-c2,plainGuarded,7.2361,0.000004,102500000,102500000,11551.2267,2
graal25.3-c2,plainGuarded,7.4420,0.000004,102500000,102500000,11551.2267,3
graal25.3-c2,plainGuarded,7.2417,0.000004,102500000,102500000,11551.2267,4
graal25.3-c2,plainGuarded,7.2362,0.000004,102500000,102500000,11551.2267,5
graal25.3-c2,fluxtionStreamClock,8.8036,0.000004,102500000,102500000,11551.2267,1
graal25.3-c2,fluxtionStreamClock,8.7379,0.000004,102500000,102500000,11551.2267,2
graal25.3-c2,fluxtionStreamClock,8.8049,0.000004,102500000,102500000,11551.2267,3
graal25.3-c2,fluxtionStreamClock,8.7990,0.000004,102500000,102500000,11551.2267,4
graal25.3-c2,fluxtionStreamClock,8.6793,0.000004,102500000,102500000,11551.2267,5
graal25.3-c2,fluxtionDefault,19.9659,0.000004,102500000,102500000,11551.2267,1
graal25.3-c2,fluxtionDefault,20.2329,0.000004,102500000,102500000,11551.2267,2
graal25.3-c2,fluxtionDefault,20.6695,0.000004,102500000,102500000,11551.2267,3
graal25.3-c2,fluxtionDefault,19.8884,0.000004,102500000,102500000,11551.2267,4
graal25.3-c2,fluxtionDefault,19.7804,0.000004,102500000,102500000,11551.2267,5
graal25.3-graaljit,plainInline,2.0994,0.000004,102500000,102500000,11551.2267,1
graal25.3-graaljit,plainInline,2.1631,0.000004,102500000,102500000,11551.2267,2
graal25.3-graaljit,plainInline,2.1209,0.000004,102500000,102500000,11551.2267,3
graal25.3-graaljit,plainInline,2.1082,0.000004,102500000,102500000,11551.2267,4
graal25.3-graaljit,plainInline,2.1198,0.000004,102500000,102500000,11551.2267,5
graal25.3-graaljit,plainGuarded,6.8886,0.000004,102500000,102500000,11551.2267,1
graal25.3-graaljit,plainGuarded,6.7396,0.000004,102500000,102500000,11551.2267,2
graal25.3-graaljit,plainGuarded,6.7206,0.000004,102500000,102500000,11551.2267,3
graal25.3-graaljit,plainGuarded,6.7845,0.000004,102500000,102500000,11551.2267,4
graal25.3-graaljit,plainGuarded,6.6648,0.000004,102500000,102500000,11551.2267,5
graal25.3-graaljit,fluxtionStreamClock,8.1343,0.000004,102500000,102500000,11551.2267,1
graal25.3-graaljit,fluxtionStreamClock,7.8838,0.000004,102500000,102500000,11551.2267,2
graal25.3-graaljit,fluxtionStreamClock,7.7127,0.000004,102500000,102500000,11551.2267,3
graal25.3-graaljit,fluxtionStreamClock,7.7017,0.000004,102500000,102500000,11551.2267,4
graal25.3-graaljit,fluxtionStreamClock,7.6587,0.000004,102500000,102500000,11551.2267,5
graal25.3-graaljit,fluxtionDefault,18.9318,0.000004,102500000,102500000,11551.2267,1
graal25.3-graaljit,fluxtionDefault,19.0175,0.000004,102500000,102500000,11551.2267,2
graal25.3-graaljit,fluxtionDefault,18.9809,0.000004,102500000,102500000,11551.2267,3
graal25.3-graaljit,fluxtionDefault,19.0134,0.000004,102500000,102500000,11551.2267,4
graal25.3-graaljit,fluxtionDefault,19.7087,0.000004,102500000,102500000,11551.2267,5
graal25.3-native,plainInline,2.9944,0.000000,102500000,102500000,11551.2267,1
graal25.3-native,plainInline,3.2108,0.000000,102500000,102500000,11551.2267,2
graal25.3-native,plainInline,3.0257,0.000000,102500000,102500000,11551.2267,3
graal25.3-native,plainInline,2.9955,0.000000,102500000,102500000,11551.2267,4
graal25.3-native,plainInline,3.1594,0.000000,102500000,102500000,11551.2267,5
graal25.3-native,plainGuarded,7.8604,0.000000,102500000,102500000,11551.2267,1
graal25.3-native,plainGuarded,7.8426,0.000000,102500000,102500000,11551.2267,2
graal25.3-native,plainGuarded,7.8811,0.000000,102500000,102500000,11551.2267,3
graal25.3-native,plainGuarded,7.8286,0.000000,102500000,102500000,11551.2267,4
graal25.3-native,plainGuarded,7.9141,0.000000,102500000,102500000,11551.2267,5
graal25.3-native,fluxtionStreamClock,13.5280,0.000000,102500000,102500000,11551.2267,1
graal25.3-native,fluxtionStreamClock,14.0775,0.000000,102500000,102500000,11551.2267,2
graal25.3-native,fluxtionStreamClock,13.5950,0.000000,102500000,102500000,11551.2267,3
graal25.3-native,fluxtionStreamClock,13.5439,0.000000,102500000,102500000,11551.2267,4
graal25.3-native,fluxtionStreamClock,13.5310,0.000000,102500000,102500000,11551.2267,5
graal25.3-native,fluxtionDefault,21.5306,0.000000,102500000,102500000,11551.2267,1
graal25.3-native,fluxtionDefault,22.8902,0.000000,102500000,102500000,11551.2267,2
graal25.3-native,fluxtionDefault,21.3463,0.000000,102500000,102500000,11551.2267,3
graal25.3-native,fluxtionDefault,21.4377,0.000000,102500000,102500000,11551.2267,4
graal25.3-native,fluxtionDefault,21.4318,0.000000,102500000,102500000,11551.2267,5
graal25.3-native-march,plainInline,3.0362,0.000000,102500000,102500000,11551.2267,1
graal25.3-native-march,plainInline,3.0558,0.000000,102500000,102500000,11551.2267,2
graal25.3-native-march,plainInline,2.9906,0.000000,102500000,102500000,11551.2267,3
graal25.3-native-march,plainInline,3.0576,0.000000,102500000,102500000,11551.2267,4
graal25.3-native-march,plainInline,3.0334,0.000000,102500000,102500000,11551.2267,5
graal25.3-native-march,plainGuarded,7.9038,0.000000,102500000,102500000,11551.2267,1
graal25.3-native-march,plainGuarded,7.8368,0.000000,102500000,102500000,11551.2267,2
graal25.3-native-march,plainGuarded,7.8531,0.000000,102500000,102500000,11551.2267,3
graal25.3-native-march,plainGuarded,7.8562,0.000000,102500000,102500000,11551.2267,4
graal25.3-native-march,plainGuarded,7.9225,0.000000,102500000,102500000,11551.2267,5
graal25.3-native-march,fluxtionStreamClock,13.5398,0.000000,102500000,102500000,11551.2267,1
graal25.3-native-march,fluxtionStreamClock,13.5082,0.000000,102500000,102500000,11551.2267,2
graal25.3-native-march,fluxtionStreamClock,13.5140,0.000000,102500000,102500000,11551.2267,3
graal25.3-native-march,fluxtionStreamClock,13.5291,0.000000,102500000,102500000,11551.2267,4
graal25.3-native-march,fluxtionStreamClock,13.5601,0.000000,102500000,102500000,11551.2267,5
graal25.3-native-march,fluxtionDefault,21.4809,0.000000,102500000,102500000,11551.2267,1
graal25.3-native-march,fluxtionDefault,21.4401,0.000000,102500000,102500000,11551.2267,2
graal25.3-native-march,fluxtionDefault,21.3911,0.000000,102500000,102500000,11551.2267,3
graal25.3-native-march,fluxtionDefault,21.3947,0.000000,102500000,102500000,11551.2267,4
graal25.3-native-march,fluxtionDefault,21.5772,0.000000,102500000,102500000,11551.2267,5
oracle25-graaljit,plainInline,2.1382,0.000004,102500000,102500000,11551.2267,1
oracle25-graaljit,plainInline,2.0931,0.000004,102500000,102500000,11551.2267,2
oracle25-graaljit,plainInline,2.0904,0.000004,102500000,102500000,11551.2267,3
oracle25-graaljit,plainInline,2.0899,0.000004,102500000,102500000,11551.2267,4
oracle25-graaljit,plainInline,2.0912,0.000004,102500000,102500000,11551.2267,5
oracle25-graaljit,plainGuarded,6.8307,0.000004,102500000,102500000,11551.2267,1
oracle25-graaljit,plainGuarded,6.7918,0.000004,102500000,102500000,11551.2267,2
oracle25-graaljit,plainGuarded,7.0053,0.000004,102500000,102500000,11551.2267,3
oracle25-graaljit,plainGuarded,6.8088,0.000004,102500000,102500000,11551.2267,4
oracle25-graaljit,plainGuarded,6.8256,0.000004,102500000,102500000,11551.2267,5
oracle25-graaljit,fluxtionStreamClock,8.0604,0.000004,102500000,102500000,11551.2267,1
oracle25-graaljit,fluxtionStreamClock,8.0527,0.000004,102500000,102500000,11551.2267,2
oracle25-graaljit,fluxtionStreamClock,7.7554,0.000004,102500000,102500000,11551.2267,3
oracle25-graaljit,fluxtionStreamClock,7.9288,0.000004,102500000,102500000,11551.2267,4
oracle25-graaljit,fluxtionStreamClock,8.0286,0.000004,102500000,102500000,11551.2267,5
oracle25-graaljit,fluxtionDefault,19.0099,0.000004,102500000,102500000,11551.2267,1
oracle25-graaljit,fluxtionDefault,18.9650,0.000004,102500000,102500000,11551.2267,2
oracle25-graaljit,fluxtionDefault,18.9489,0.000004,102500000,102500000,11551.2267,3
oracle25-graaljit,fluxtionDefault,19.0516,0.000004,102500000,102500000,11551.2267,4
oracle25-graaljit,fluxtionDefault,19.0535,0.000004,102500000,102500000,11551.2267,5
oracle25-native,plainInline,3.0251,0.000000,102500000,102500000,11551.2267,1
oracle25-native,plainInline,3.0984,0.000000,102500000,102500000,11551.2267,2
oracle25-native,plainInline,3.0309,0.000000,102500000,102500000,11551.2267,3
oracle25-native,plainInline,2.9536,0.000000,102500000,102500000,11551.2267,4
oracle25-native,plainInline,2.9849,0.000000,102500000,102500000,11551.2267,5
oracle25-native,plainGuarded,7.8737,0.000000,102500000,102500000,11551.2267,1
oracle25-native,plainGuarded,7.8845,0.000000,102500000,102500000,11551.2267,2
oracle25-native,plainGuarded,7.9011,0.000000,102500000,102500000,11551.2267,3
oracle25-native,plainGuarded,7.8408,0.000000,102500000,102500000,11551.2267,4
oracle25-native,plainGuarded,7.9020,0.000000,102500000,102500000,11551.2267,5
oracle25-native,fluxtionStreamClock,13.9800,0.000000,102500000,102500000,11551.2267,1
oracle25-native,fluxtionStreamClock,13.9481,0.000000,102500000,102500000,11551.2267,2
oracle25-native,fluxtionStreamClock,13.9349,0.000000,102500000,102500000,11551.2267,3
oracle25-native,fluxtionStreamClock,13.9916,0.000000,102500000,102500000,11551.2267,4
oracle25-native,fluxtionStreamClock,14.7047,0.000000,102500000,102500000,11551.2267,5
oracle25-native,fluxtionDefault,20.8671,0.000000,102500000,102500000,11551.2267,1
oracle25-native,fluxtionDefault,21.4740,0.000000,102500000,102500000,11551.2267,2
oracle25-native,fluxtionDefault,20.9092,0.000000,102500000,102500000,11551.2267,3
oracle25-native,fluxtionDefault,20.7855,0.000000,102500000,102500000,11551.2267,4
oracle25-native,fluxtionDefault,20.8738,0.000000,102500000,102500000,11551.2267,5
oracle25-native-pgo,plainInline,1.5824,0.000000,102500000,102500000,11551.2267,1
oracle25-native-pgo,plainInline,1.5175,0.000000,102500000,102500000,11551.2267,2
oracle25-native-pgo,plainInline,1.5267,0.000000,102500000,102500000,11551.2267,3
oracle25-native-pgo,plainInline,1.5214,0.000000,102500000,102500000,11551.2267,4
oracle25-native-pgo,plainInline,1.5234,0.000000,102500000,102500000,11551.2267,5
oracle25-native-pgo,plainGuarded,8.9819,0.000000,102500000,102500000,11551.2267,1
oracle25-native-pgo,plainGuarded,8.9826,0.000000,102500000,102500000,11551.2267,2
oracle25-native-pgo,plainGuarded,8.9359,0.000000,102500000,102500000,11551.2267,3
oracle25-native-pgo,plainGuarded,8.9641,0.000000,102500000,102500000,11551.2267,4
oracle25-native-pgo,plainGuarded,8.9268,0.000000,102500000,102500000,11551.2267,5
oracle25-native-pgo,fluxtionStreamClock,9.4461,0.000000,102500000,102500000,11551.2267,1
oracle25-native-pgo,fluxtionStreamClock,9.5040,0.000000,102500000,102500000,11551.2267,2
oracle25-native-pgo,fluxtionStreamClock,9.5793,0.000000,102500000,102500000,11551.2267,3
oracle25-native-pgo,fluxtionStreamClock,9.5770,0.000000,102500000,102500000,11551.2267,4
oracle25-native-pgo,fluxtionStreamClock,9.6882,0.000000,102500000,102500000,11551.2267,5
oracle25-native-pgo,fluxtionDefault,19.4247,0.000000,102500000,102500000,11551.2267,1
oracle25-native-pgo,fluxtionDefault,20.0317,0.000000,102500000,102500000,11551.2267,2
oracle25-native-pgo,fluxtionDefault,20.4277,0.000000,102500000,102500000,11551.2267,3
oracle25-native-pgo,fluxtionDefault,19.7514,0.000000,102500000,102500000,11551.2267,4
oracle25-native-pgo,fluxtionDefault,19.9419,0.000000,102500000,102500000,11551.2267,5
